[{"timestamp":1614522288894,"files":[{"filename":"ssr-build/ssr-bundle.49d02.css","previous":4125,"size":0,"diff":-4125},{"filename":"ssr-build/ssr-bundle.js","previous":26856,"size":0,"diff":-26856},{"filename":"bundle.49d02.css","previous":0,"size":4039,"diff":4039},{"filename":"bundle.*****.esm.js","previous":0,"size":29872,"diff":29872},{"filename":"polyfills.*****.esm.js","previous":0,"size":2177,"diff":2177},{"filename":"sw-esm.js","previous":0,"size":10636,"diff":10636},{"filename":"sw.js","previous":0,"size":10633,"diff":10633},{"filename":"bundle.b63e1.js","previous":0,"size":30661,"diff":30661},{"filename":"polyfills.03bf6.js","previous":0,"size":2175,"diff":2175},{"filename":"index.html","previous":0,"size":4574,"diff":4574},{"filename":"app/index.html","previous":0,"size":2216,"diff":2216},{"filename":"404/index.html","previous":0,"size":2948,"diff":2948},{"filename":"how-it-works/index.html","previous":0,"size":4509,"diff":4509},{"filename":"200.html","previous":0,"size":1377,"diff":1377}]}]
